{
    "loss": 1.8187971115112305,
    "accuracy": 0.20588235557079315
}